{"legs": [[1, 2, 3], [4, 5, 6], [7, 8, 9], [10, 11, 12], [13, 14, 15], [16, 17, 18]], "dir_offsets": [[0, 0, 0], [0, 0, 0], [0, 0, 0], [0, 0, 0], [0, 0, 0], [0, 0, 0]], "angle_offsets":[[-0.7853981633974483, 0, 0], [0, 0, 0], [0.7853981633974483, 0, 0], [-2.356194490192345, 0, 0], [-3.141592653589793, 0, 0], [-3.9269908169872414, 0, 0]]}