{"legs": [[1, 2, 3], [4, 5, 6], [7, 8, 9], [10, 11, 12], [13, 14, 15], [16, 17, 18]], "dir_offsets": [[1, 1, 0], [1, 1, 0], [1, 1, 0], [1, 1, 0], [1, 1, 0], [1, 1, 0]], "angle_offsets": [[-0.767944870877505, 0.03490658503988659, 0.06981317007977318], [0.0, 0.05235987755982989, 0.8028514559173916], [0.7853981633974483, 0.017453292519943295, 0.7853981633974483], [-2.356194490192345, 0.0, 0.7853981633974483], [-3.141592653589793, -0.06981317007977318, 0.8028514559173916], [-3.9269908169872414, -0.06981317007977318, 0.7853981633974483]]}